{"stats":{"minecraft:crafted":{"minecraft:stick":4,"minecraft:stone_sword":1},"minecraft:picked_up":{"minecraft:wheat":30,"minecraft:torch":1,"minecraft:potato":17,"minecraft:sand":26,"minecraft:carrot":6,"minecraft:shield":1,"minecraft:white_bed":3,"minecraft:dirt":135,"minecraft:spider_eye":2,"minecraft:string":1,"minecraft:white_banner":1,"minecraft:cooked_mutton":4,"minecraft:iron_leggings":1,"minecraft:wheat_seeds":74,"minecraft:bone_meal":5,"minecraft:light_gray_wool":2,"minecraft:coal":15,"minecraft:mutton":2,"minecraft:iron_sword":1},"minecraft:custom":{"minecraft:time_since_rest":1508,"minecraft:interact_with_furnace":1,"minecraft:sprint_one_cm":76089,"minecraft:damage_taken":589,"minecraft:walk_one_cm":44912,"minecraft:drop":5,"minecraft:damage_dealt":744,"minecraft:fly_one_cm":128129,"minecraft:interact_with_crafting_table":1,"minecraft:player_kills":4,"minecraft:open_chest":10,"minecraft:crouch_one_cm":7262,"minecraft:play_time":14561,"minecraft:interact_with_campfire":1,"minecraft:deaths":2,"minecraft:sneak_time":1470,"minecraft:jump":482,"minecraft:leave_game":1,"minecraft:time_since_death":1480,"minecraft:total_world_time":14561,"minecraft:climb_one_cm":1956,"minecraft:fall_one_cm":12641},"minecraft:mined":{"minecraft:white_bed":3,"minecraft:fire":26,"minecraft:wheat":3,"minecraft:short_grass":4,"minecraft:grass_block":7,"minecraft:tall_grass":2,"minecraft:wall_torch":1},"minecraft:dropped":{"minecraft:mutton":1,"minecraft:wheat":2,"minecraft:light_gray_wool":1,"minecraft:cooked_mutton":2},"minecraft:used":{"minecraft:wheat_seeds":6,"minecraft:cooked_mutton":2,"minecraft:stone_sword":15,"minecraft:iron_sword":3,"minecraft:torch":1,"minecraft:dirt":5,"minecraft:white_bed":3}},"DataVersion":3955}