{"stats":{"minecraft:picked_up":{"minecraft:iron_chestplate":5,"minecraft:birch_door":3,"minecraft:wheat":335,"cataclysm:monstrous_horn":1,"minecraft:lead":8,"minecraft:yellow_wool":2,"minecraft:smithing_table":4,"minecraft:diamond_sword":8,"minecraft:brewing_stand":1,"minecraft:string":25,"minecraft:raw_copper":39,"minecraft:iron_leggings":4,"minecraft:oak_sign":4,"mysticalagriculture:inferium_essence":4,"minecraft:cobbled_deepslate":471,"minecraft:bucket":1,"minecraft:acacia_fence_gate":1,"minecraft:cobblestone_slab":2,"minecraft:iron_pickaxe":4,"minecraft:melon_slice":20,"minecraft:coal_block":1,"minecraft:iron_boots":5,"minecraft:furnace":7,"minecraft:blue_wool":1,"dynamictrees:mangrove_seed":5,"minecraft:stick":326,"apotheosis:gem":1,"minecraft:acacia_fence":3,"minecraft:oak_fence":8,"minecraft:torch":179,"minecraft:acacia_log":384,"minecraft:porkchop":43,"minecraft:pointed_dripstone":11,"minecraft:diorite":26,"minecraft:orange_bed":12,"minecraft:stone_sword":2,"minecraft:rotten_flesh":96,"minecraft:iron_block":1,"minecraft:obsidian":7,"minecraft:cobblestone":2171,"minecraft:birch_log":4,"minecraft:feather":7,"minecraft:cooked_beef":11,"minecraft:andesite":366,"minecraft:water_bucket":4,"minecraft:jungle_log":186,"minecraft:potato":275,"minecraft:flint":16,"minecraft:tuff":105,"minecraft:acacia_boat":34,"minecraft:lapis_lazuli":900,"minecraft:dirt":2308,"securitycraft:sentry":1,"minecraft:name_tag":1,"minecraft:leather_boots":1,"minecraft:bone":41,"minecraft:acacia_planks":129,"minecraft:bow":5,"minecraft:wheat_seeds":1184,"minecraft:raw_gold":63,"minecraft:bell":3,"minecraft:grindstone":3,"minecraft:fletching_table":5,"minecraft:glowstone_dust":2,"minecraft:bamboo":883,"minecraft:stone_hoe":1,"minecraft:oak_planks":30,"minecraft:cooked_porkchop":1,"croptopia:rice":1,"minecraft:poisonous_potato":2,"minecraft:jungle_planks":14,"minecraft:sand":71,"minecraft:ink_sac":3,"minecraft:grass_block":8,"minecraft:barrel":13,"minecraft:iron_hoe":1,"minecraft:stripped_acacia_log":2,"minecraft:sugar":1,"minecraft:diamond":157,"minecraft:crossbow":1,"minecraft:granite":82,"minecraft:bone_meal":6,"minecraft:bread":144,"minecraft:emerald":1,"minecraft:oak_sapling":34,"minecraft:bricks":8,"minecraft:diamond_pickaxe":4,"minecraft:charcoal":5,"minecraft:crafting_table":13,"minecraft:chicken":8,"minecraft:ladder":48,"minecraft:clay_ball":424,"croptopia:onion":1,"minecraft:gold_block":1,"minecraft:shield":6,"minecraft:oak_trapdoor":132,"minecraft:iron_axe":3,"minecraft:iron_shovel":2,"minecraft:beef":56,"minecraft:jungle_sapling":23,"minecraft:poppy":24,"minecraft:light_gray_wool":1,"minecraft:lectern":29,"minecraft:sugar_cane":441,"minecraft:chest":11,"minecraft:birch_sapling":2,"minecraft:egg":14,"minecraft:lime_wool":4,"minecraft:raw_iron":146,"minecraft:fire_charge":1,"minecraft:carrot":180,"minecraft:redstone":239,"minecraft:blue_concrete_powder":8,"minecraft:stone_shovel":2,"minecraft:arrow":46,"minecraft:beetroot_seeds":1,"minecraft:hay_block":54,"minecraft:yellow_terracotta":8,"minecraft:mutton":27,"minecraft:rail":1,"minecraft:white_wool":68,"minecraft:salmon":9,"minecraft:leather":40,"minecraft:acacia_wood":1,"minecraft:oak_log":136,"minecraft:gunpowder":14,"tombstone:gift":1,"minecraft:orange_terracotta":5,"minecraft:cooked_mutton":5,"cataclysm:infernal_forge":1,"minecraft:apple":2,"minecraft:stone_bricks":5,"minecraft:acacia_trapdoor":8,"minecraft:iron_ingot":104,"minecraft:stone_pickaxe":4,"minecraft:tall_grass":3,"minecraft:iron_sword":2,"minecraft:acacia_sapling":125,"minecraft:oak_slab":2,"croptopia:peanut_seed":2,"croptopia:peanut":1,"minecraft:pumpkin":3,"minecraft:chiseled_stone_bricks":9,"minecraft:dripstone_block":3,"minecraft:torchflower_seeds":1,"minecraft:gravel":63,"minecraft:lava_bucket":4,"minecraft:blast_furnace":2,"minecraft:white_bed":4,"cataclysm:black_steel_nugget":1,"minecraft:spider_eye":10,"minecraft:diamond_shovel":2,"minecraft:stone_axe":3,"minecraft:iron_helmet":5,"minecraft:diamond_axe":2,"minecraft:gray_wool":1,"minecraft:terracotta":1,"minecraft:baked_potato":14,"minecraft:acacia_slab":7,"minecraft:melon_seeds":2,"minecraft:coal":214,"botanypots:terracotta_botany_pot":2,"minecraft:ender_pearl":7},"minecraft:killed":{"minecraft:cave_spider":4,"minecraft:witch":2,"minecraft:spider":22,"cataclysm:netherite_monstrosity":1,"minecraft:skeleton":35,"minecraft:chicken":6,"minecraft:pig":20,"minecraft:salmon":9,"minecraft:iron_golem":19,"minecraft:creeper":18,"minecraft:sheep":15,"minecraft:pillager":2,"minecraft:zombie":62,"minecraft:cow":20,"cataclysm:draugr":2,"minecraft:enderman":6},"minecraft:killed_by":{"minecraft:cave_spider":1,"minecraft:player":1,"minecraft:enderman":1,"minecraft:iron_golem":1,"minecraft:skeleton":2},"minecraft:crafted":{"minecraft:brick":9,"minecraft:smooth_stone":3,"minecraft:oak_planks":420,"minecraft:barrel":6,"minecraft:cobblestone_slab":36,"minecraft:oak_sign":6,"botanypots:terracotta_hopper_botany_pot":2,"croptopia:toast":5,"minecraft:stone":3,"minecraft:diamond_shovel":1,"minecraft:bookshelf":8,"minecraft:cooked_mutton":10,"minecraft:hopper":2,"minecraft:bow":2,"minecraft:iron_boots":5,"minecraft:chest":14,"minecraft:stone_hoe":2,"minecraft:flower_pot":3,"minecraft:oak_slab":6,"minecraft:emerald":80,"minecraft:cooked_porkchop":28,"minecraft:diamond_axe":1,"minecraft:crafting_table":12,"minecraft:acacia_slab":42,"minecraft:iron_helmet":3,"minecraft:wooden_pickaxe":2,"minecraft:baked_potato":24,"minecraft:smithing_table":1,"minecraft:fletching_table":2,"minecraft:birch_planks":28,"minecraft:painting":2,"minecraft:lectern":2,"minecraft:book":18,"minecraft:iron_chestplate":2,"minecraft:charcoal":39,"minecraft:paper":165,"minecraft:diamond_pickaxe":2,"minecraft:shield":2,"minecraft:stick":2556,"minecraft:iron_ingot":156,"minecraft:iron_pickaxe":4,"minecraft:iron_block":4,"minecraft:composter":1,"minecraft:shears":1,"minecraft:stone_shovel":3,"minecraft:diamond_hoe":1,"quark:jungle_chest":2,"minecraft:furnace":7,"minecraft:acacia_fence_gate":2,"minecraft:blast_furnace":1,"minecraft:bone_meal":54,"minecraft:oak_trapdoor":128,"minecraft:terracotta":10,"minecraft:iron_axe":5,"minecraft:iron_hoe":2,"minecraft:stone_pickaxe":6,"minecraft:wheat":486,"minecraft:cooked_beef":40,"minecraft:coal_block":1,"minecraft:diamond_sword":2,"minecraft:enchanting_table":1,"minecraft:iron_sword":3,"minecraft:acacia_trapdoor":10,"minecraft:bucket":2,"minecraft:stone_axe":2,"minecraft:enchanted_book":1,"minecraft:acacia_boat":5,"minecraft:bread":214,"minecraft:air":428,"minecraft:jungle_planks":506,"minecraft:iron_shovel":3,"minecraft:iron_leggings":5,"botanypots:terracotta_botany_pot":2,"minecraft:anvil":1,"minecraft:white_bed":1,"minecraft:acacia_planks":1128,"minecraft:torch":276,"minecraft:clay":64},"minecraft:used":{"advancednetherite:netherite_diamond_sword":2,"minecraft:iron_shovel":583,"mysticalagradditions:insanium_apple":7,"minecraft:ladder":6,"minecraft:diamond_hoe":373,"minecraft:oak_sign":6,"jeg:service_rifle":64,"minecraft:chest":23,"minecraft:shield":16,"minecraft:iron_sword":134,"minecraft:bell":3,"jeg:atlantean_spear":5,"minecraft:rotten_flesh":8,"jeg:soulhunter_mk2":24,"minecraft:jungle_planks":14,"minecraft:carrot":35,"minecraft:acacia_sapling":30,"jeg:custom_smg":40,"minecraft:tuff":5,"minecraft:jungle_sapling":23,"minecraft:lava_bucket":4,"constructionwand:infinity_wand":5,"minecraft:grass_block":1,"jeg:repeating_shotgun":20,"advancednetherite:netherite_diamond_chestplate":1,"minecraft:iron_helmet":1,"minecraft:stone_bricks":4,"minecraft:furnace":11,"minecraft:oak_sapling":13,"minecraft:egg":3,"cataclysm:draugr_spawn_egg":2,"minecraft:potato":58,"minecraft:diorite":3,"minecraft:stone_pickaxe":446,"minecraft:acacia_trapdoor":18,"advancednetherite:netherite_diamond_axe":2,"minecraft:wooden_pickaxe":77,"minecraft:diamond_axe":634,"minecraft:composter":1,"minecraft:sugar_cane":25,"advancednetherite:netherite_diamond_boots":1,"minecraft:blast_furnace":3,"minecraft:pumpkin_seeds":4,"botanypots:terracotta_botany_pot":2,"easy_villagers:villager":6,"minecraft:string":1,"minecraft:bread":158,"minecraft:lectern":31,"minecraft:gravel":3,"securitycraft:mine":1,"croptopia:toast":5,"minecraft:diamond_sword":330,"minecraft:grindstone":2,"minecraft:smithing_table":5,"minecraft:andesite":7,"jeg:hollenfire_mk2":28,"jeg:waterpipe_shotgun":8,"minecraft:bone_meal":56,"minecraft:oak_trapdoor":68,"minecraft:enchanting_table":1,"minecraft:acacia_log":22,"minecraft:stone_shovel":394,"advancednetherite:netherite_diamond_helmet":1,"minecraft:stone_hoe":197,"casinocraft:arcade_base_white":1,"minecraft:orange_bed":10,"minecraft:torch":314,"minecraft:dirt":862,"minecraft:anvil":2,"minecraft:wheat":2,"advancednetherite:netherite_diamond_leggings":1,"minecraft:birch_door":3,"minecraft:iron_hoe":175,"dynamictrees:mangrove_seed":1,"minecraft:bookshelf":6,"minecraft:iron_axe":475,"minecraft:acacia_slab":5,"minecraft:jungle_log":7,"minecraft:iron_boots":1,"minecraft:melon_seeds":2,"cataclysm:cursed_bow":4,"minecraft:barrel":14,"minecraft:bamboo":267,"securitycraft:sentry":1,"jeg:double_barrel_shotgun":14,"minecraft:cooked_beef":24,"minecraft:acacia_planks":50,"minecraft:cobbled_deepslate":8,"minecraft:iron_leggings":3,"minecraft:wheat_seeds":356,"minecraft:cooked_mutton":9,"minecraft:acacia_boat":32,"minecraft:water_bucket":221,"mysticaladaptations:insanium_sword":92,"botanypots:terracotta_hopper_botany_pot":2,"jeg:combat_rifle":23,"minecraft:baked_potato":5,"minecraft:fletching_table":7,"minecraft:cobblestone_slab":34,"minecraft:rail":1,"minecraft:crafting_table":20,"jeg:typhoonee":3,"toolleveling:tool_leveling_table":1,"minecraft:white_bed":5,"minecraft:painting":2,"minecraft:oak_log":17,"minecraft:diamond_pickaxe":2380,"minecraft:diamond_shovel":980,"minecraft:iron_pickaxe":485,"cataclysm:netherite_monstrosity_spawn_egg":1,"minecraft:yellow_wool":1,"minecraft:acacia_fence_gate":3,"minecraft:stone_axe":119,"minecraft:cobblestone":792,"minecraft:cooked_porkchop":21,"minecraft:bucket":227,"jeg:blossom_rifle":36},"minecraft:broken":{"minecraft:iron_shovel":1,"minecraft:iron_chestplate":1,"minecraft:iron_leggings":1,"minecraft:stone_pickaxe":2,"minecraft:stone_axe":1,"minecraft:stone_shovel":3,"minecraft:stone_hoe":1,"minecraft:wooden_pickaxe":1,"minecraft:iron_axe":2,"minecraft:iron_pickaxe":2},"minecraft:mined":{"minecraft:white_bed":4,"minecraft:oak_sapling":1,"minecraft:farmland":1,"minecraft:jungle_leaves":420,"minecraft:brewing_stand":1,"minecraft:obsidian":7,"minecraft:granite":63,"minecraft:acacia_log":337,"minecraft:grass_block":351,"minecraft:jungle_log":185,"minecraft:oak_wall_sign":1,"minecraft:chiseled_stone_bricks":9,"minecraft:tall_seagrass":5,"minecraft:fire":91,"minecraft:iron_ore":87,"minecraft:barrel":13,"minecraft:cobbled_deepslate":6,"minecraft:fletching_table":5,"minecraft:deepslate_lapis_ore":45,"minecraft:pointed_dripstone":5,"minecraft:dirt_path":2,"minecraft:orange_bed":11,"minecraft:deepslate_redstone_ore":19,"botanypots:terracotta_botany_pot":2,"minecraft:melon_stem":1,"minecraft:clay":106,"minecraft:torch":39,"minecraft:blast_furnace":2,"minecraft:melon":1,"minecraft:chest":10,"minecraft:glass":1,"minecraft:cobblestone":518,"minecraft:sugar_cane":251,"minecraft:grindstone":2,"minecraft:oak_planks":31,"minecraft:wall_torch":33,"minecraft:seagrass":3,"minecraft:acacia_sapling":10,"minecraft:yellow_wool":1,"minecraft:wheat":311,"minecraft:birch_door":2,"minecraft:pumpkin_stem":1,"minecraft:grass":4,"minecraft:oak_log":134,"minecraft:beetroots":1,"minecraft:acacia_fence":3,"minecraft:sand":19,"minecraft:dirt":1571,"minecraft:oak_leaves":94,"minecraft:deepslate":464,"minecraft:yellow_terracotta":1,"minecraft:diamond_ore":7,"minecraft:tuff":105,"minecraft:deepslate_diamond_ore":76,"minecraft:jungle_planks":14,"minecraft:acacia_slab":5,"minecraft:hay_block":54,"minecraft:oak_trapdoor":4,"minecraft:furnace":6,"minecraft:carrots":25,"minecraft:acacia_trapdoor":8,"minecraft:jungle_sapling":1,"minecraft:acacia_wood":1,"minecraft:andesite":311,"minecraft:gold_block":1,"minecraft:bell":2,"minecraft:potatoes":32,"minecraft:deepslate_iron_ore":50,"minecraft:cobblestone_slab":1,"minecraft:vine":9,"minecraft:stripped_acacia_log":1,"minecraft:bamboo_sapling":2,"minecraft:bamboo":105,"minecraft:stone":1294,"minecraft:smithing_table":4,"minecraft:acacia_leaves":121,"minecraft:crafting_table":12,"minecraft:lectern":29,"minecraft:copper_ore":9,"minecraft:tall_grass":9,"minecraft:lapis_ore":11,"minecraft:deepslate_gold_ore":21,"minecraft:diorite":29,"minecraft:acacia_fence_gate":1,"minecraft:birch_leaves":1,"minecraft:coal_ore":161,"minecraft:gravel":51,"minecraft:dripstone_block":3,"minecraft:terracotta":1,"minecraft:acacia_planks":35,"minecraft:stone_bricks":4,"minecraft:fern":1},"minecraft:dropped":{"minecraft:acacia_boat":2,"minecraft:iron_sword":1,"minecraft:cooked_beef":20,"minecraft:diamond":5,"minecraft:cooked_porkchop":8,"minecraft:gold_block":1,"minecraft:dirt":64,"minecraft:mutton":3,"minecraft:sand":52,"minecraft:stone_axe":1,"minecraft:cobbled_deepslate":64,"minecraft:acacia_slab":2,"minecraft:ladder":14,"minecraft:bread":55,"minecraft:oak_slab":1,"minecraft:cobblestone":108,"minecraft:lead":3,"minecraft:coal":4,"minecraft:stick":8,"minecraft:lava_bucket":1,"minecraft:gray_wool":1,"minecraft:diorite":11,"minecraft:torch":8,"mysticalagradditions:insanium_apple":32,"minecraft:fire_charge":1,"minecraft:iron_leggings":1,"minecraft:string":1,"minecraft:acacia_planks":1,"minecraft:tuff":64,"minecraft:raw_iron":3,"minecraft:chicken":1,"minecraft:diamond_sword":2,"minecraft:potato":39,"minecraft:cobblestone_slab":3,"minecraft:shield":2,"minecraft:diamond_pickaxe":1,"minecraft:spider_eye":3,"minecraft:stone_pickaxe":2},"minecraft:custom":{"minecraft:animals_bred":41,"minecraft:interact_with_crafting_table":130,"minecraft:open_barrel":54,"minecraft:bell_ring":99,"minecraft:leave_game":27,"minecraft:time_since_death":127368,"minecraft:damage_resisted":1165,"minecraft:sprint_one_cm":2737047,"minecraft:damage_blocked_by_shield":573,"minecraft:drop":116,"minecraft:talked_to_villager":199,"minecraft:play_time":1269007,"minecraft:deaths":6,"minecraft:jump":16179,"minecraft:interact_with_brewingstand":3,"minecraft:walk_on_water_one_cm":190927,"minecraft:enchant_item":7,"minecraft:interact_with_furnace":166,"minecraft:traded_with_villager":89,"minecraft:interact_with_cartography_table":1,"minecraft:sleep_in_bed":31,"minecraft:damage_dealt":67369,"minecraft:player_kills":6,"minecraft:crouch_one_cm":280355,"tombstone:undead_killed":4,"minecraft:inspect_dispenser":1,"minecraft:horse_one_cm":8867,"minecraft:interact_with_smithing_table":4,"minecraft:interact_with_anvil":4,"minecraft:mob_kills":245,"minecraft:inspect_hopper":4,"minecraft:interact_with_campfire":8,"minecraft:damage_dealt_resisted":0,"minecraft:climb_one_cm":55776,"minecraft:walk_one_cm":2694522,"minecraft:sneak_time":88367,"minecraft:walk_under_water_one_cm":73446,"minecraft:boat_one_cm":1098582,"minecraft:interact_with_blast_furnace":2,"minecraft:total_world_time":1269007,"minecraft:interact_with_grindstone":6,"minecraft:time_since_rest":108641,"minecraft:damage_absorbed":556,"minecraft:damage_taken":10893,"minecraft:use_wand":184,"minecraft:swim_one_cm":100586,"minecraft:fly_one_cm":3813509,"minecraft:open_chest":624,"minecraft:fall_one_cm":281038}},"DataVersion":3465}