{"stats":{"minecraft:picked_up":{"minecraft:wooden_axe":7,"minecraft:iron_chestplate":10,"minecraft:birch_door":22,"minecraft:wheat":200,"minecraft:lead":1,"minecraft:diamond_sword":1,"minecraft:oak_stairs":213,"minecraft:enchanted_book":20,"minecraft:stone_brick_stairs":5,"minecraft:brewing_stand":2,"minecraft:string":109,"minecraft:waxed_cut_copper_slab":4,"minecraft:raw_copper":36,"minecraft:cooked_salmon":2,"minecraft:iron_leggings":9,"mysticalagriculture:inferium_essence":1,"minecraft:cobbled_deepslate":123,"minecraft:bucket":15,"minecraft:iron_pickaxe":30,"minecraft:iron_boots":9,"minecraft:furnace":14,"minecraft:stick":746,"minecraft:acacia_fence":24,"minecraft:oak_fence":69,"minecraft:torch":592,"minecraft:acacia_log":38,"minecraft:porkchop":55,"minecraft:pointed_dripstone":4,"minecraft:diorite":63,"minecraft:stone_sword":8,"minecraft:rotten_flesh":34,"minecraft:waxed_cut_copper":4,"minecraft:snowball":7,"minecraft:cobblestone":2508,"minecraft:birch_log":149,"minecraft:magma_block":3,"minecraft:cooked_beef":11,"minecraft:feather":36,"minecraft:lilac":4,"minecraft:andesite":74,"minecraft:water_bucket":22,"minecraft:birch_slab":65,"minecraft:jungle_log":256,"minecraft:potato":71,"minecraft:flint":6,"minecraft:lapis_lazuli":60,"minecraft:dirt":1327,"minecraft:stripped_birch_log":3,"minecraft:name_tag":3,"minecraft:glass":84,"minecraft:bone":44,"minecraft:acacia_planks":51,"minecraft:bow":19,"minecraft:wheat_seeds":975,"minecraft:raw_gold":20,"minecraft:bell":3,"minecraft:bamboo":423,"minecraft:stone_hoe":7,"minecraft:oak_planks":2041,"minecraft:cooked_porkchop":7,"minecraft:axolotl_bucket":1,"minecraft:poisonous_potato":1,"minecraft:jungle_planks":151,"minecraft:sand":284,"minecraft:grass_block":5,"minecraft:jungle_slab":32,"minecraft:iron_hoe":1,"minecraft:dispenser":2,"minecraft:diamond":7,"minecraft:granite":74,"minecraft:bone_meal":1,"minecraft:golden_apple":2,"minecraft:bread":578,"minecraft:emerald":2,"minecraft:oak_sapling":123,"minecraft:diamond_pickaxe":1,"minecraft:lingering_potion":1,"minecraft:charcoal":48,"minecraft:crafting_table":10,"minecraft:azure_bluet":4,"minecraft:purple_wool":1,"minecraft:chicken":22,"minecraft:ladder":38,"minecraft:chest_minecart":2,"minecraft:wooden_pickaxe":3,"minecraft:chain":9,"minecraft:shield":26,"minecraft:cornflower":5,"minecraft:oak_trapdoor":24,"minecraft:elytra":3,"minecraft:iron_axe":21,"minecraft:acacia_door":2,"minecraft:iron_shovel":7,"minecraft:birch_fence":18,"minecraft:glass_pane":437,"minecraft:detector_rail":8,"minecraft:beef":38,"minecraft:oak_boat":14,"minecraft:jungle_sapling":6,"minecraft:poppy":2,"minecraft:light_gray_wool":2,"minecraft:sugar_cane":67,"minecraft:chest":12,"minecraft:birch_sapling":20,"minecraft:egg":43,"minecraft:lime_wool":5,"minecraft:raw_iron":224,"minecraft:stone":1,"minecraft:oak_door":76,"minecraft:fire_charge":22,"minecraft:recovery_compass":3,"minecraft:trident":3,"minecraft:carrot":22,"minecraft:redstone":108,"minecraft:light_blue_bed":8,"minecraft:jungle_sign":23,"minecraft:arrow":462,"minecraft:stone_shovel":9,"minecraft:peony":5,"minecraft:hay_block":79,"minecraft:gold_ingot":38,"minecraft:oak_chest_boat":2,"minecraft:glow_berries":8,"minecraft:mutton":3,"minecraft:rail":60,"minecraft:skeleton_skull":1,"minecraft:white_wool":7,"minecraft:oxeye_daisy":11,"minecraft:stripped_oak_log":1,"minecraft:lime_bed":1,"minecraft:salmon":6,"minecraft:leather":19,"minecraft:red_mushroom":1,"minecraft:birch_planks":287,"minecraft:oak_log":1369,"minecraft:waxed_copper_block":1,"minecraft:yellow_bed":1,"minecraft:blue_bed":6,"minecraft:cooked_mutton":10,"minecraft:stone_bricks":1185,"minecraft:apple":10,"minecraft:iron_ingot":78,"minecraft:stone_pickaxe":18,"minecraft:cooked_chicken":8,"minecraft:glass_bottle":325,"minecraft:iron_sword":25,"minecraft:acacia_sapling":1,"minecraft:soul_sand":7,"minecraft:scaffolding":72,"minecraft:oak_slab":77,"dimstorage:dimensional_tablet":1,"minecraft:red_wool":2,"minecraft:dandelion":60,"minecraft:dripstone_block":3,"minecraft:gravel":5,"minecraft:lava_bucket":7,"minecraft:white_bed":5,"minecraft:spider_eye":14,"minecraft:leather_helmet":1,"minecraft:stripped_jungle_log":7,"minecraft:infested_stone_bricks":9,"minecraft:firework_rocket":235,"minecraft:stone_axe":12,"minecraft:iron_helmet":24,"minecraft:oak_button":2,"minecraft:baked_potato":42,"minecraft:black_wool":9,"minecraft:coal":930},"minecraft:killed":{"minecraft:cave_spider":2,"minecraft:spider":7,"minecraft:skeleton":8,"minecraft:chicken":10,"minecraft:pig":5,"minecraft:salmon":12,"minecraft:iron_golem":1,"minecraft:creeper":3,"minecraft:sheep":5,"minecraft:zombie":16,"minecraft:cow":12,"minecraft:sniffer":2,"minecraft:bat":1,"minecraft:squid":1,"minecraft:enderman":1},"minecraft:killed_by":{"minecraft:drowned":1,"minecraft:cave_spider":3,"minecraft:zombie":7,"minecraft:spider":4,"minecraft:skeleton":3},"minecraft:crafted":{"minecraft:oak_planks":1260,"minecraft:barrel":11,"minecraft:birch_slab":18,"minecraft:stone":1,"minecraft:glass":188,"minecraft:hopper":1,"minecraft:bow":2,"minecraft:iron_boots":2,"minecraft:chest":7,"minecraft:birch_door":6,"minecraft:stone_hoe":2,"minecraft:oak_fence":51,"minecraft:glass_bottle":36,"minecraft:oak_slab":156,"minecraft:cooked_porkchop":16,"minecraft:crafting_table":7,"minecraft:iron_helmet":1,"minecraft:wooden_pickaxe":1,"minecraft:birch_pressure_plate":1,"minecraft:birch_planks":280,"minecraft:campfire":16,"minecraft:stone_brick_stairs":8,"minecraft:iron_chestplate":3,"minecraft:charcoal":5,"minecraft:shield":2,"minecraft:birch_fence":3,"minecraft:stick":160,"minecraft:iron_ingot":80,"minecraft:iron_pickaxe":5,"minecraft:stone_sword":3,"minecraft:gold_ingot":14,"minecraft:oak_door":6,"minecraft:stone_shovel":4,"minecraft:furnace":5,"minecraft:glass_pane":32,"minecraft:oak_trapdoor":8,"minecraft:scaffolding":48,"minecraft:iron_axe":3,"minecraft:stone_pickaxe":4,"minecraft:wheat":333,"minecraft:cooked_beef":13,"minecraft:coal_block":4,"minecraft:iron_sword":3,"minecraft:bucket":2,"minecraft:stone_axe":8,"minecraft:air":0,"minecraft:jungle_slab":48,"minecraft:bread":137,"minecraft:jungle_planks":76,"minecraft:oak_fence_gate":1,"minecraft:oak_boat":3,"minecraft:oak_chest_boat":1,"minecraft:golden_apple":2,"minecraft:wooden_axe":1,"minecraft:oak_stairs":152,"minecraft:iron_shovel":1,"minecraft:iron_leggings":1,"minecraft:torch":152},"minecraft:used":{"minecraft:iron_shovel":337,"minecraft:chest":6,"minecraft:shield":313,"minecraft:iron_sword":333,"minecraft:bell":2,"minecraft:iron_chestplate":1,"minecraft:birch_pressure_plate":1,"minecraft:soul_sand":2,"minecraft:mutton":3,"jeg:soulhunter_mk2":48,"minecraft:jungle_planks":155,"wstweaks:blaze_blade":10,"minecraft:carrot":13,"minecraft:jungle_slab":53,"minecraft:axolotl_bucket":7,"minecraft:snowball":7,"minecraft:jungle_sapling":3,"minecraft:glass":119,"minecraft:lava_bucket":305,"minecraft:grass_block":15,"minecraft:lantern":11,"minecraft:birch_sapling":18,"minecraft:iron_helmet":1,"minecraft:light_blue_bed":1,"minecraft:stone_brick_stairs":3,"minecraft:stone_bricks":226,"minecraft:bow":48,"minecraft:hay_block":5,"minecraft:scaffolding":30,"minecraft:oak_sapling":97,"minecraft:furnace":13,"croptopia:rum":7,"minecraft:egg":7,"minecraft:potato":45,"minecraft:oak_chest_boat":1,"minecraft:diorite":1,"minecraft:stone_pickaxe":335,"minecraft:oak_planks":721,"minecraft:ender_pearl":1,"minecraft:wooden_pickaxe":64,"minecraft:sugar_cane":7,"minecraft:blue_bed":7,"mekanism:electric_bow":16,"minecraft:blast_furnace":1,"minecraft:cave_spider_spawn_egg":21,"minecraft:lingering_potion":1,"cataclysm:black_steel_sword":8,"minecraft:birch_fence":2,"minecraft:creeper_spawn_egg":74,"minecraft:firework_rocket":151,"minecraft:string":2,"minecraft:birch_slab":8,"minecraft:bread":40,"minecraft:jungle_sign":14,"minecraft:fire_charge":201,"jeg:hollenfire_mk2":55,"minecraft:oak_boat":12,"minecraft:oak_fence":43,"minecraft:oak_trapdoor":20,"minecraft:trident":140,"minecraft:stone_sword":219,"minecraft:flint_and_steel":11,"minecraft:stone_shovel":391,"minecraft:wither_skeleton_spawn_egg":9,"minecraft:jungle_hanging_sign":4,"minecraft:cooked_salmon":2,"minecraft:stone_hoe":156,"minecraft:oak_door":27,"minecraft:torch":133,"minecraft:brewing_stand":1,"minecraft:dirt":685,"mekanism:meka_tool":3,"minecraft:anvil":1,"minecraft:hopper":1,"minecraft:granite":26,"minecraft:oak_fence_gate":1,"minecraft:birch_door":20,"minecraft:wooden_axe":58,"minecraft:ravager_spawn_egg":9,"minecraft:iron_axe":720,"minecraft:oak_stairs":285,"minecraft:jungle_log":248,"cataclysm:cursed_bow":1,"minecraft:barrel":11,"minecraft:bamboo":189,"jeg:double_barrel_shotgun":12,"minecraft:sniffer_spawn_egg":2,"minecraft:cooked_beef":15,"minecraft:cobbled_deepslate":17,"minecraft:iron_leggings":1,"minecraft:wheat_seeds":231,"minecraft:cooked_mutton":9,"minecraft:water_bucket":494,"minecraft:birch_planks":211,"minecraft:baked_potato":11,"minecraft:lime_wool":2,"minecraft:vindicator_spawn_egg":8,"minecraft:stonecutter":1,"minecraft:salmon":1,"minecraft:rail":1,"minecraft:crafting_table":13,"minecraft:tnt":450,"minecraft:lime_bed":1,"minecraft:oak_slab":288,"jeg:typhoonee":5,"minecraft:campfire":115,"minecraft:white_bed":2,"minecraft:infested_stone_bricks":7,"wstweaks:lava_blade":21,"minecraft:painting":6,"minecraft:oak_log":70,"minecraft:black_wool":1,"minecraft:apple":1,"minecraft:stripped_jungle_log":1,"minecraft:chicken":2,"minecraft:iron_pickaxe":687,"minecraft:netherite_axe":1,"quark:flamerang":3,"minecraft:stone_axe":650,"minecraft:cobblestone":95,"minecraft:cooked_porkchop":17,"minecraft:bucket":356,"minecraft:glass_pane":9},"minecraft:broken":{"minecraft:iron_shovel":1,"minecraft:stone_axe":3,"minecraft:wooden_axe":1,"minecraft:stone_shovel":2,"minecraft:stone_sword":1,"minecraft:wooden_pickaxe":1,"minecraft:shield":1,"minecraft:iron_axe":3},"minecraft:dropped":{"minecraft:iron_sword":2,"minecraft:birch_planks":19,"minecraft:cooked_beef":2,"minecraft:oak_log":7,"minecraft:diamond":3,"minecraft:glass_bottle":1,"minecraft:crafting_table":1,"minecraft:ender_pearl":1,"minecraft:cooked_porkchop":2,"dimstorage:dimensional_tablet":1,"minecraft:jungle_planks":1,"minecraft:rail":27,"minecraft:dirt":244,"minecraft:cornflower":1,"minecraft:iron_pickaxe":4,"minecraft:acacia_door":1,"minecraft:white_wool":2,"minecraft:gold_ingot":5,"minecraft:bone":1,"minecraft:stone_axe":5,"minecraft:sugar_cane":13,"minecraft:cobbled_deepslate":2,"minecraft:rotten_flesh":9,"minecraft:oak_planks":31,"minecraft:white_bed":1,"minecraft:recovery_compass":1,"minecraft:poppy":2,"minecraft:trident":1,"minecraft:charcoal":5,"minecraft:ladder":19,"minecraft:painting":1,"minecraft:glass":1,"minecraft:acacia_fence":12,"minecraft:firework_rocket":3,"minecraft:iron_ingot":2,"minecraft:enchanted_book":14,"minecraft:stone_hoe":1,"minecraft:water_bucket":2,"minecraft:bread":173,"minecraft:oak_slab":6,"minecraft:wheat_seeds":123,"minecraft:tnt":1,"minecraft:dripstone_block":2,"minecraft:feather":1,"minecraft:cobblestone":208,"minecraft:lead":1,"minecraft:apple":1,"minecraft:acacia_log":17,"minecraft:coal":1,"minecraft:stick":104,"minecraft:torch":122,"apotheosis:diamond_mining_arrow":1,"minecraft:wooden_axe":1,"minecraft:fire_charge":1,"minecraft:iron_leggings":3,"minecraft:oak_stairs":28,"minecraft:iron_axe":2,"minecraft:bucket":3,"minecraft:acacia_planks":41,"minecraft:dandelion":3,"minecraft:oak_trapdoor":2,"minecraft:stone_sword":4,"minecraft:raw_copper":14,"minecraft:stone_shovel":1,"minecraft:iron_boots":2,"minecraft:iron_hoe":1,"minecraft:diamond_sword":2,"minecraft:shield":2,"minecraft:waxed_cut_copper":2,"minecraft:peony":1,"minecraft:diamond_pickaxe":1,"minecraft:iron_chestplate":5,"minecraft:andesite":42,"minecraft:yellow_bed":1,"minecraft:oak_sapling":3,"minecraft:spider_eye":1,"minecraft:bow":2,"minecraft:stone_pickaxe":5},"minecraft:mined":{"minecraft:waxed_cut_copper_slab":2,"minecraft:white_bed":3,"minecraft:oak_sapling":3,"minecraft:farmland":5,"minecraft:jungle_slab":13,"minecraft:jungle_leaves":13,"minecraft:brewing_stand":1,"minecraft:granite":26,"minecraft:grass_block":461,"minecraft:jungle_log":124,"minecraft:oxeye_daisy":3,"minecraft:tall_seagrass":13,"minecraft:magma_block":3,"minecraft:iron_ore":113,"minecraft:fire":26,"minecraft:azure_bluet":2,"minecraft:pointed_dripstone":1,"minecraft:dirt_path":7,"minecraft:oak_stairs":89,"minecraft:tripwire":2,"minecraft:waxed_cut_copper":2,"minecraft:torch":5,"minecraft:poppy":2,"minecraft:chest":1,"minecraft:glass":6,"minecraft:cobblestone":27,"minecraft:sugar_cane":3,"minecraft:oak_planks":142,"minecraft:wall_torch":3,"minecraft:birch_sapling":1,"minecraft:seagrass":1,"minecraft:chain":9,"minecraft:birch_log":71,"minecraft:wheat":42,"minecraft:birch_door":14,"minecraft:waxed_copper_block":1,"minecraft:oak_log":499,"minecraft:sand":217,"minecraft:dirt":195,"minecraft:dispenser":1,"minecraft:oak_leaves":196,"minecraft:deepslate":78,"minecraft:oak_door":23,"minecraft:jungle_planks":27,"minecraft:lime_wool":1,"minecraft:birch_slab":6,"minecraft:hay_block":48,"minecraft:redstone_ore":13,"minecraft:oak_trapdoor":13,"minecraft:furnace":8,"minecraft:carrots":6,"minecraft:andesite":11,"minecraft:peony":1,"minecraft:bell":2,"minecraft:potatoes":5,"minecraft:vine":31,"minecraft:deepslate_iron_ore":2,"minecraft:stripped_jungle_log":2,"minecraft:stripped_oak_log":1,"minecraft:bamboo":58,"minecraft:stone":332,"minecraft:oak_slab":44,"minecraft:scaffolding":22,"minecraft:glass_pane":9,"minecraft:dandelion":14,"minecraft:oak_fence":12,"minecraft:crafting_table":7,"minecraft:cornflower":2,"minecraft:campfire":2,"minecraft:tall_grass":40,"minecraft:lapis_ore":5,"minecraft:deepslate_gold_ore":14,"minecraft:diorite":28,"minecraft:blue_bed":6,"minecraft:birch_planks":78,"minecraft:lime_bed":1,"minecraft:birch_leaves":12,"minecraft:yellow_bed":1,"minecraft:coal_ore":221,"minecraft:gravel":2,"minecraft:dripstone_block":1,"minecraft:cobweb":4,"minecraft:acacia_planks":1,"minecraft:stone_bricks":8,"minecraft:fern":2},"minecraft:custom":{"minecraft:interact_with_crafting_table":157,"minecraft:open_barrel":317,"minecraft:bell_ring":34,"minecraft:leave_game":33,"minecraft:time_since_death":84264,"minecraft:sprint_one_cm":1677931,"minecraft:damage_blocked_by_shield":4535,"minecraft:drop":326,"minecraft:talked_to_villager":18,"minecraft:play_time":1327345,"minecraft:deaths":42,"minecraft:jump":12895,"minecraft:interact_with_brewingstand":2,"minecraft:walk_on_water_one_cm":259968,"minecraft:interact_with_furnace":101,"minecraft:sleep_in_bed":18,"minecraft:damage_dealt":13863,"minecraft:player_kills":4,"minecraft:crouch_one_cm":40737,"tombstone:undead_killed":1,"minecraft:inspect_dispenser":17,"minecraft:interact_with_smithing_table":2,"minecraft:interact_with_anvil":4,"minecraft:mob_kills":94,"minecraft:inspect_hopper":5,"minecraft:interact_with_campfire":31,"minecraft:damage_dealt_resisted":0,"minecraft:climb_one_cm":33920,"minecraft:walk_one_cm":2575922,"minecraft:sneak_time":25553,"minecraft:walk_under_water_one_cm":547106,"minecraft:boat_one_cm":151525,"minecraft:interact_with_blast_furnace":3,"minecraft:total_world_time":1327345,"minecraft:interact_with_stonecutter":6,"minecraft:time_since_rest":84290,"minecraft:damage_taken":16988,"minecraft:swim_one_cm":435877,"minecraft:fly_one_cm":2151712,"minecraft:open_chest":31,"minecraft:aviate_one_cm":991973,"minecraft:fall_one_cm":272781}},"DataVersion":3465}