{"stats":{"minecraft:crafted":{"minecraft:oak_planks":20,"minecraft:furnace":1,"minecraft:melon_seeds":8,"minecraft:stone_pickaxe":6,"minecraft:chest":4,"minecraft:acacia_wood":3,"minecraft:crafting_table":4,"minecraft:wooden_pickaxe":3,"minecraft:oak_wood":3,"minecraft:jungle_planks":146,"minecraft:stick":50,"minecraft:wooden_axe":2,"minecraft:stone_sword":3,"minecraft:acacia_planks":16,"minecraft:torch":86},"minecraft:broken":{"minecraft:wooden_pickaxe":1,"minecraft:stone_pickaxe":4,"minecraft:iron_axe":1,"minecraft:iron_pickaxe":2},"minecraft:custom":{"minecraft:mob_kills":31,"minecraft:interact_with_crafting_table":51,"minecraft:open_barrel":10,"minecraft:leave_game":3,"minecraft:time_since_death":4436,"minecraft:climb_one_cm":19461,"minecraft:sprint_one_cm":250271,"minecraft:walk_one_cm":504539,"minecraft:drop":79,"minecraft:play_time":201299,"minecraft:deaths":9,"minecraft:sneak_time":2570,"minecraft:walk_under_water_one_cm":4623,"minecraft:boat_one_cm":57417,"minecraft:jump":4545,"minecraft:walk_on_water_one_cm":27158,"minecraft:total_world_time":201299,"minecraft:interact_with_furnace":5,"minecraft:sleep_in_bed":2,"minecraft:time_since_rest":4463,"minecraft:damage_taken":3718,"minecraft:damage_dealt":3690,"minecraft:swim_one_cm":5349,"minecraft:fly_one_cm":598571,"minecraft:player_kills":1,"minecraft:open_chest":20,"minecraft:crouch_one_cm":7926,"minecraft:fall_one_cm":138660},"minecraft:picked_up":{"minecraft:wooden_axe":4,"minecraft:lingering_potion":14,"minecraft:cocoa_beans":4,"minecraft:crafting_table":6,"minecraft:wheat":5,"minecraft:splash_potion":18,"minecraft:chicken":5,"minecraft:lead":2,"minecraft:wooden_pickaxe":2,"minecraft:gold_block":2,"minecraft:enchanted_book":1,"minecraft:string":2,"minecraft:raw_copper":176,"minecraft:iron_axe":1,"minecraft:red_sand":3,"minecraft:cobbled_deepslate":557,"minecraft:beef":18,"minecraft:poppy":10,"minecraft:melon_slice":47,"minecraft:chest":4,"minecraft:egg":34,"minecraft:lime_wool":49,"minecraft:stick":27,"minecraft:raw_iron":28,"minecraft:oak_door":2,"minecraft:torch":7,"minecraft:acacia_log":8,"minecraft:fire_charge":6,"minecraft:porkchop":23,"minecraft:pointed_dripstone":5,"minecraft:diorite":30,"minecraft:stone_sword":2,"minecraft:arrow":4,"minecraft:rotten_flesh":1,"minecraft:armadillo_scute":4,"minecraft:yellow_terracotta":7,"minecraft:tuff_bricks":1,"minecraft:cobblestone":409,"minecraft:oxeye_daisy":1,"minecraft:birch_log":1,"minecraft:magma_block":6,"minecraft:feather":40,"minecraft:jungle_log":84,"minecraft:andesite":24,"minecraft:leather":12,"minecraft:yellow_dye":18,"minecraft:birch_planks":11,"minecraft:flint":2,"minecraft:tuff":184,"minecraft:oak_log":13,"minecraft:lapis_lazuli":54,"minecraft:dirt":296,"minecraft:blue_bed":2,"minecraft:orange_terracotta":29,"minecraft:bone":13,"minecraft:wheat_seeds":81,"minecraft:stone_pickaxe":3,"minecraft:bamboo":13,"minecraft:acacia_sapling":69,"minecraft:oak_planks":6,"minecraft:cooked_porkchop":8,"minecraft:waxed_exposed_copper_bulb":1,"minecraft:dandelion":6,"minecraft:sand":1,"minecraft:jungle_planks":97,"minecraft:grass_block":1,"minecraft:terracotta":44,"minecraft:oak_sapling":6,"minecraft:black_wool":2,"minecraft:coal":240},"minecraft:killed_by":{"minecraft:player":2,"minecraft:skeleton":3,"minecraft:zombie":3},"minecraft:mined":{"minecraft:yellow_terracotta":8,"minecraft:tuff":122,"minecraft:oak_door":1,"minecraft:jungle_leaves":1,"minecraft:glow_lichen":2,"minecraft:red_sand":2,"minecraft:acacia_log":8,"minecraft:grass_block":44,"minecraft:lime_wool":43,"minecraft:tuff_bricks":2,"minecraft:iron_ore":20,"minecraft:cobbled_deepslate":1,"minecraft:andesite":12,"minecraft:pointed_dripstone":1,"minecraft:bamboo":2,"minecraft:stone":226,"minecraft:orange_terracotta":16,"minecraft:crafting_table":2,"minecraft:short_grass":188,"minecraft:melon":8,"minecraft:chest":2,"minecraft:glass":3,"minecraft:tall_grass":18,"minecraft:copper_ore":42,"minecraft:diorite":16,"minecraft:wall_torch":6,"minecraft:blue_bed":1,"minecraft:birch_log":1,"minecraft:wheat":8,"minecraft:birch_leaves":10,"minecraft:black_wool":2,"minecraft:oak_log":11,"minecraft:coal_ore":85,"minecraft:cocoa":4,"minecraft:dirt":27,"minecraft:sand":1,"minecraft:terracotta":15,"minecraft:oak_leaves":18,"minecraft:deepslate":265,"minecraft:fern":4},"minecraft:killed":{"minecraft:spider":3,"minecraft:chicken":6,"minecraft:pig":8,"minecraft:zombie":2,"minecraft:cow":12},"minecraft:dropped":{"minecraft:birch_planks":3,"minecraft:wheat_seeds":45,"minecraft:crafting_table":2,"minecraft:yellow_terracotta":7,"minecraft:feather":18,"minecraft:cobblestone":18,"minecraft:lead":2,"minecraft:jungle_planks":5,"minecraft:grass_block":1,"minecraft:stick":13,"minecraft:gold_block":1,"minecraft:dirt":10,"minecraft:yellow_dye":6,"minecraft:wooden_axe":2,"minecraft:armadillo_scute":2,"minecraft:iron_axe":1,"minecraft:string":2,"minecraft:stone_sword":1,"minecraft:cobbled_deepslate":96,"minecraft:tuff":56,"minecraft:pointed_dripstone":3,"minecraft:lime_wool":27,"minecraft:oak_planks":6,"minecraft:poppy":5,"minecraft:orange_terracotta":20,"minecraft:jungle_log":1,"minecraft:acacia_sapling":23,"minecraft:oak_sapling":4,"minecraft:chest":1,"minecraft:red_sand":2,"minecraft:arrow":2,"minecraft:wooden_pickaxe":1,"minecraft:stone_pickaxe":1,"minecraft:waxed_exposed_copper_bulb":1,"minecraft:splash_potion":1,"minecraft:egg":9,"minecraft:terracotta":28},"minecraft:used":{"minecraft:tuff_bricks":74,"minecraft:red_sand":1,"minecraft:stone_sword":71,"minecraft:chest":6,"minecraft:iron_sword":33,"minecraft:rotten_flesh":1,"minecraft:oak_door":1,"minecraft:torch":75,"minecraft:dirt":95,"minecraft:jungle_planks":4,"minecraft:carrot":3,"minecraft:wooden_axe":1,"minecraft:iron_axe":31,"minecraft:waxed_exposed_copper_bulb":1,"minecraft:beef":18,"minecraft:furnace":1,"minecraft:egg":3,"minecraft:cobbled_deepslate":39,"minecraft:stone_pickaxe":588,"minecraft:oak_planks":3,"minecraft:lime_wool":21,"minecraft:wooden_pickaxe":146,"minecraft:blue_bed":1,"minecraft:glow_berries":4,"minecraft:terracotta":4,"minecraft:crafting_table":7,"minecraft:campfire":1,"minecraft:lingering_potion":4,"minecraft:oak_log":3,"minecraft:black_wool":2,"minecraft:chicken":5,"minecraft:melon_slice":34,"minecraft:iron_pickaxe":116,"minecraft:cobblestone":8,"minecraft:cooked_porkchop":3,"minecraft:porkchop":9,"minecraft:birch_log":11,"minecraft:golden_pickaxe":28,"minecraft:splash_potion":1}},"DataVersion":3955}