{"stats":{"minecraft:killed_by":{"minecraft:creeper":5,"minecraft:pillager":2,"minecraft:cave_spider":2,"minecraft:zombie":4,"minecraft:player":4,"minecraft:enderman":2,"minecraft:skeleton":7},"minecraft:custom":{"minecraft:animals_bred":79,"minecraft:interact_with_crafting_table":330,"minecraft:open_barrel":56,"minecraft:bell_ring":26,"minecraft:leave_game":41,"minecraft:time_since_death":366268,"minecraft:sprint_one_cm":6715516,"minecraft:damage_blocked_by_shield":950,"minecraft:drop":457,"minecraft:talked_to_villager":44,"minecraft:play_time":3107001,"minecraft:deaths":34,"minecraft:jump":15574,"minecraft:walk_on_water_one_cm":254543,"minecraft:enchant_item":3,"minecraft:interact_with_furnace":350,"minecraft:traded_with_villager":11,"minecraft:interact_with_cartography_table":1,"minecraft:sleep_in_bed":86,"minecraft:damage_dealt":36485,"minecraft:player_kills":12,"minecraft:crouch_one_cm":153166,"minecraft:inspect_dispenser":13,"minecraft:horse_one_cm":554,"minecraft:interact_with_smithing_table":2,"minecraft:interact_with_anvil":8,"minecraft:mob_kills":319,"minecraft:inspect_hopper":11,"minecraft:interact_with_campfire":92,"minecraft:climb_one_cm":253133,"minecraft:walk_one_cm":7632783,"minecraft:sneak_time":66060,"minecraft:walk_under_water_one_cm":190165,"minecraft:boat_one_cm":721304,"minecraft:interact_with_blast_furnace":2,"minecraft:total_world_time":3107001,"minecraft:interact_with_stonecutter":8,"minecraft:interact_with_grindstone":1,"minecraft:time_since_rest":157399,"minecraft:damage_taken":22183,"minecraft:swim_one_cm":90610,"minecraft:fly_one_cm":1197891,"minecraft:open_chest":768,"minecraft:fall_one_cm":242670},"minecraft:killed":{"minecraft:cave_spider":1,"minecraft:spider":16,"minecraft:skeleton":40,"minecraft:chicken":28,"minecraft:pig":15,"minecraft:zombie_villager":1,"minecraft:salmon":15,"minecraft:creeper":33,"minecraft:sheep":24,"minecraft:trader_llama":4,"minecraft:pillager":15,"minecraft:zombie":61,"minecraft:cow":36,"minecraft:armadillo":1,"minecraft:slime":12,"minecraft:phantom":1,"minecraft:wandering_trader":2,"minecraft:enderman":7},"minecraft:mined":{"minecraft:oak_sapling":1,"minecraft:white_bed":4,"minecraft:farmland":97,"minecraft:cobblestone_stairs":1,"minecraft:granite":9,"minecraft:budding_amethyst":1,"minecraft:acacia_log":737,"minecraft:grass_block":1853,"minecraft:hopper":21,"minecraft:oak_wall_sign":1,"minecraft:oxeye_daisy":5,"minecraft:chiseled_stone_bricks":12,"minecraft:tall_seagrass":2,"minecraft:magma_block":4,"minecraft:iron_ore":253,"minecraft:cobbled_deepslate":44,"minecraft:fire":1,"minecraft:pumpkin":15,"minecraft:deepslate_lapis_ore":2,"minecraft:azure_bluet":4,"minecraft:pointed_dripstone":6,"minecraft:dirt_path":44,"minecraft:white_banner":2,"minecraft:tripwire":1,"minecraft:deepslate_redstone_ore":10,"minecraft:melon_stem":2,"minecraft:amethyst_cluster":1,"minecraft:clay":171,"minecraft:torch":95,"minecraft:poppy":18,"minecraft:melon":12,"minecraft:chest":20,"minecraft:glass":3,"minecraft:cobblestone":5197,"minecraft:oak_planks":58,"minecraft:sugar_cane":90,"minecraft:bricks":1,"minecraft:wall_torch":86,"minecraft:amethyst_block":1,"minecraft:birch_sapling":1,"minecraft:seagrass":3,"minecraft:chain":2,"minecraft:acacia_sapling":4,"minecraft:birch_log":69,"minecraft:wheat":726,"minecraft:yellow_wool":1,"minecraft:waxed_copper_block":1,"minecraft:pumpkin_stem":3,"minecraft:tnt":1,"minecraft:oak_log":217,"minecraft:beetroots":74,"minecraft:oak_fence_gate":1,"minecraft:sand":154,"minecraft:dirt":985,"minecraft:oak_leaves":300,"minecraft:deepslate":26,"minecraft:attached_pumpkin_stem":1,"minecraft:tuff":3,"minecraft:deepslate_diamond_ore":8,"minecraft:cobbled_deepslate_slab":12,"minecraft:glow_lichen":2,"minecraft:ladder":52,"minecraft:brick_stairs":1,"minecraft:redstone_ore":2,"minecraft:carrots":50,"minecraft:andesite":190,"minecraft:potatoes":20,"minecraft:deepslate_iron_ore":11,"minecraft:rail":134,"minecraft:stripped_acacia_log":3,"minecraft:stripped_oak_log":3,"minecraft:bamboo":102,"minecraft:stone":2863,"minecraft:oak_slab":5,"minecraft:acacia_leaves":468,"minecraft:dandelion":47,"minecraft:oak_fence":23,"minecraft:crafting_table":5,"minecraft:cornflower":4,"minecraft:short_grass":479,"minecraft:campfire":1,"minecraft:copper_ore":18,"minecraft:lightning_rod":1,"minecraft:tall_grass":98,"minecraft:deepslate_coal_ore":2,"minecraft:lapis_ore":21,"minecraft:deepslate_gold_ore":20,"minecraft:diorite":94,"minecraft:blue_bed":1,"minecraft:birch_planks":1,"minecraft:waxed_oxidized_copper_grate":1,"minecraft:birch_leaves":16,"minecraft:coal_ore":339,"minecraft:acacia_door":1,"minecraft:gravel":177,"minecraft:dripstone_block":10,"minecraft:cobweb":37,"minecraft:acacia_planks":681,"minecraft:stone_bricks":13,"minecraft:gold_ore":5},"minecraft:broken":{"minecraft:iron_shovel":1,"minecraft:wooden_shovel":14,"minecraft:iron_leggings":1,"minecraft:stone_pickaxe":43,"minecraft:diamond_pickaxe":1,"minecraft:stone_axe":3,"minecraft:iron_sword":2,"minecraft:wooden_axe":3,"minecraft:stone_shovel":12,"minecraft:stone_sword":2,"minecraft:stone_hoe":1,"minecraft:wooden_pickaxe":4,"minecraft:iron_axe":6,"minecraft:iron_pickaxe":6,"minecraft:iron_helmet":1},"minecraft:dropped":{"minecraft:iron_sword":10,"minecraft:birch_planks":51,"minecraft:lapis_lazuli":12,"minecraft:oak_log":55,"minecraft:baked_potato":23,"minecraft:diamond":21,"minecraft:crafting_table":1,"minecraft:blue_concrete_powder":2,"minecraft:chest_minecart":1,"minecraft:cobblestone_stairs":7,"minecraft:dirt":140,"minecraft:birch_fence":12,"minecraft:mutton":3,"minecraft:bone_meal":5,"minecraft:sand":78,"minecraft:iron_pickaxe":4,"minecraft:gold_ingot":5,"minecraft:gravel":37,"minecraft:stone_axe":2,"minecraft:cobbled_deepslate":7,"minecraft:wheat":1,"minecraft:beetroot":15,"minecraft:rotten_flesh":24,"minecraft:cooked_mutton":2,"minecraft:azure_bluet":1,"minecraft:carrot":33,"minecraft:chiseled_stone_bricks":6,"minecraft:poppy":1,"minecraft:charcoal":5,"minecraft:beetroot_seeds":1,"minecraft:birch_door":1,"minecraft:ladder":36,"minecraft:beef":3,"minecraft:egg":2,"minecraft:iron_ingot":34,"minecraft:bread":38,"minecraft:wheat_seeds":92,"minecraft:cobblestone":188,"minecraft:iron_helmet":1,"minecraft:oak_fence":9,"minecraft:feather":2,"minecraft:lead":2,"minecraft:acacia_log":20,"minecraft:coal":64,"minecraft:stick":94,"minecraft:torch":63,"minecraft:wooden_axe":1,"minecraft:cooked_salmon":2,"minecraft:iron_leggings":3,"minecraft:oak_stairs":26,"minecraft:iron_axe":1,"minecraft:iron_shovel":1,"minecraft:string":3,"minecraft:bucket":2,"minecraft:acacia_planks":69,"minecraft:furnace":1,"minecraft:bricks":11,"minecraft:stone_sword":5,"minecraft:raw_copper":2,"minecraft:raw_iron":2,"minecraft:stone_shovel":2,"minecraft:chicken":2,"minecraft:white_carpet":3,"minecraft:iron_boots":1,"minecraft:iron_hoe":1,"minecraft:name_tag":1,"minecraft:pumpkin_seeds":6,"minecraft:diamond_sword":1,"minecraft:potato":58,"minecraft:shield":4,"minecraft:iron_chestplate":1,"minecraft:andesite":57,"minecraft:spider_eye":1,"minecraft:stone_bricks":4,"minecraft:stone_pickaxe":13,"minecraft:wooden_pickaxe":1},"minecraft:used":{"minecraft:beetroot":3,"minecraft:iron_shovel":403,"minecraft:ladder":106,"minecraft:poppy":1,"minecraft:oak_sign":1,"minecraft:shield":28,"minecraft:chest":55,"minecraft:stone":2,"minecraft:iron_sword":709,"minecraft:carrot":91,"minecraft:acacia_sapling":89,"minecraft:tuff":28,"minecraft:milk_bucket":2,"minecraft:glass":31,"minecraft:lava_bucket":19,"minecraft:bricks":156,"minecraft:birch_sapling":10,"minecraft:stone_bricks":344,"minecraft:magma_block":1,"minecraft:bow":35,"minecraft:oak_sapling":32,"minecraft:furnace":2,"minecraft:beetroot_seeds":124,"minecraft:acacia_fence":6,"minecraft:egg":48,"minecraft:potato":36,"minecraft:diorite":67,"minecraft:stone_pickaxe":5762,"minecraft:oak_planks":80,"minecraft:wooden_pickaxe":247,"minecraft:sugar_cane":31,"minecraft:blue_bed":2,"minecraft:composter":1,"minecraft:sand":84,"minecraft:crossbow":14,"minecraft:lingering_potion":1,"minecraft:pumpkin_seeds":4,"minecraft:lightning_rod":1,"minecraft:melon_slice":44,"minecraft:acacia_door":6,"minecraft:string":1,"minecraft:bread":203,"minecraft:gravel":103,"minecraft:diamond_sword":511,"minecraft:fire_charge":2,"minecraft:wooden_sword":17,"minecraft:andesite":116,"minecraft:oak_boat":1,"minecraft:bone_meal":81,"minecraft:oak_fence":141,"minecraft:stone_sword":351,"minecraft:acacia_log":9,"minecraft:flint_and_steel":3,"minecraft:stone_shovel":1547,"minecraft:cooked_salmon":5,"minecraft:stone_hoe":176,"minecraft:wooden_shovel":849,"minecraft:cooked_chicken":15,"minecraft:torch":1196,"minecraft:dirt":2079,"minecraft:anvil":1,"minecraft:hopper":29,"minecraft:granite":7,"minecraft:oak_fence_gate":5,"minecraft:wooden_axe":234,"minecraft:iron_axe":1720,"minecraft:brick_stairs":3,"minecraft:melon_seeds":6,"minecraft:bamboo":32,"minecraft:beef":2,"minecraft:cooked_beef":34,"minecraft:cobbled_deepslate":130,"minecraft:acacia_planks":1823,"minecraft:pumpkin":4,"minecraft:wheat_seeds":1203,"minecraft:cooked_mutton":33,"minecraft:water_bucket":115,"minecraft:cobblestone_stairs":5,"minecraft:birch_planks":25,"minecraft:lead":1,"minecraft:baked_potato":48,"minecraft:stonecutter":1,"minecraft:tnt":4,"minecraft:crafting_table":12,"minecraft:oak_slab":5,"minecraft:white_bed":4,"minecraft:campfire":2,"minecraft:oak_log":3,"minecraft:wooden_hoe":51,"minecraft:diamond_pickaxe":1820,"minecraft:chicken":6,"minecraft:iron_pickaxe":1608,"minecraft:yellow_wool":1,"minecraft:chiseled_stone_bricks":53,"minecraft:stone_axe":444,"minecraft:cobbled_deepslate_slab":12,"minecraft:cobblestone":6247,"minecraft:porkchop":12,"minecraft:cooked_porkchop":10,"minecraft:bucket":135,"minecraft:yellow_bed":1},"minecraft:picked_up":{"minecraft:wooden_axe":4,"minecraft:iron_chestplate":14,"minecraft:birch_door":1,"minecraft:wheat":883,"minecraft:yellow_wool":6,"minecraft:diamond_sword":3,"minecraft:lead":48,"minecraft:oak_stairs":26,"minecraft:enchanted_book":4,"minecraft:amethyst_block":2,"minecraft:string":63,"minecraft:raw_copper":123,"minecraft:iron_leggings":15,"minecraft:oak_sign":7,"minecraft:beetroot":83,"minecraft:cobbled_deepslate":158,"minecraft:bucket":13,"minecraft:cobblestone_slab":10,"minecraft:iron_pickaxe":9,"minecraft:melon_slice":114,"minecraft:iron_boots":7,"minecraft:furnace":1,"minecraft:blue_wool":5,"minecraft:stick":500,"minecraft:acacia_fence":12,"minecraft:oak_fence":55,"minecraft:torch":872,"minecraft:acacia_log":845,"minecraft:porkchop":27,"minecraft:lightning_rod":1,"minecraft:pointed_dripstone":23,"minecraft:diorite":116,"minecraft:stone_sword":17,"minecraft:rotten_flesh":120,"minecraft:armadillo_scute":3,"minecraft:cobblestone":7667,"minecraft:birch_log":70,"minecraft:magma_block":7,"minecraft:feather":46,"minecraft:cooked_beef":89,"minecraft:water_bucket":4,"minecraft:andesite":330,"minecraft:potato":200,"minecraft:flint":25,"minecraft:tuff":30,"minecraft:acacia_boat":2,"minecraft:lapis_lazuli":292,"minecraft:dirt":4566,"minecraft:name_tag":5,"minecraft:bone":71,"minecraft:acacia_planks":1129,"minecraft:bow":8,"minecraft:wheat_seeds":2848,"minecraft:raw_gold":25,"minecraft:cobbled_deepslate_slab":33,"minecraft:diamond_helmet":1,"minecraft:bamboo":599,"minecraft:stone_hoe":4,"minecraft:oak_planks":89,"minecraft:cooked_porkchop":8,"minecraft:sand":351,"minecraft:ink_sac":3,"minecraft:grass_block":4,"minecraft:orange_wool":8,"minecraft:iron_hoe":1,"minecraft:stripped_acacia_log":3,"minecraft:diamond":62,"minecraft:waxed_oxidized_copper_grate":1,"minecraft:crossbow":3,"minecraft:granite":13,"minecraft:bone_meal":39,"minecraft:golden_apple":2,"minecraft:bread":265,"minecraft:oak_sapling":34,"minecraft:bricks":20,"minecraft:diamond_pickaxe":2,"minecraft:charcoal":23,"minecraft:crafting_table":8,"minecraft:azure_bluet":6,"minecraft:ominous_bottle":10,"minecraft:chicken":27,"minecraft:ladder":241,"minecraft:clay_ball":660,"minecraft:chest_minecart":8,"minecraft:wooden_pickaxe":3,"minecraft:shield":7,"minecraft:cornflower":6,"minecraft:iron_axe":11,"minecraft:acacia_door":3,"minecraft:white_carpet":9,"minecraft:iron_shovel":3,"minecraft:birch_fence":12,"minecraft:detector_rail":6,"minecraft:beef":80,"minecraft:oak_boat":1,"minecraft:poppy":16,"minecraft:sugar_cane":102,"minecraft:chest":21,"minecraft:birch_sapling":13,"minecraft:phantom_membrane":3,"minecraft:egg":59,"minecraft:raw_iron":375,"minecraft:stone":2,"minecraft:oak_door":1,"minecraft:fire_charge":10,"minecraft:recovery_compass":3,"minecraft:carrot":233,"minecraft:redstone":91,"minecraft:tnt":1,"minecraft:blue_concrete_powder":10,"minecraft:arrow":64,"minecraft:stone_shovel":8,"minecraft:diamond_chestplate":1,"minecraft:beetroot_seeds":193,"minecraft:gold_ingot":13,"minecraft:brick_stairs":1,"minecraft:glow_berries":19,"minecraft:mutton":47,"minecraft:rail":418,"minecraft:white_wool":15,"minecraft:oxeye_daisy":5,"minecraft:stripped_oak_log":3,"minecraft:salmon":10,"minecraft:leather":37,"minecraft:birch_planks":54,"minecraft:oak_log":338,"minecraft:waxed_copper_block":1,"minecraft:cobblestone_stairs":4,"minecraft:blue_bed":1,"minecraft:white_banner":9,"minecraft:cooked_mutton":37,"minecraft:apple":5,"minecraft:stone_bricks":18,"minecraft:iron_ingot":268,"minecraft:oak_fence_gate":1,"minecraft:stone_pickaxe":53,"minecraft:cooked_chicken":10,"minecraft:iron_sword":25,"minecraft:acacia_sapling":169,"minecraft:oak_slab":10,"minecraft:pumpkin":19,"minecraft:chiseled_stone_bricks":15,"minecraft:red_wool":1,"minecraft:dandelion":53,"minecraft:dripstone_block":32,"minecraft:gravel":269,"minecraft:lava_bucket":1,"minecraft:amethyst_shard":8,"minecraft:white_bed":4,"minecraft:spider_eye":11,"minecraft:pumpkin_seeds":6,"minecraft:slime_ball":16,"minecraft:campfire":1,"minecraft:stone_axe":17,"minecraft:iron_helmet":7,"minecraft:baked_potato":80,"minecraft:melon_seeds":6,"minecraft:coal":589,"minecraft:hopper":21,"minecraft:ender_pearl":7},"minecraft:crafted":{"minecraft:brick":660,"minecraft:black_dye":2,"minecraft:yellow_wool":3,"minecraft:oak_planks":628,"minecraft:oak_sign":3,"minecraft:cooked_chicken":5,"minecraft:lightning_rod":1,"minecraft:cobblestone_stairs":4,"minecraft:stone":382,"minecraft:bookshelf":3,"minecraft:cooked_mutton":21,"minecraft:glass":89,"minecraft:hopper":8,"minecraft:stone_brick_slab":30,"minecraft:diamond_helmet":1,"minecraft:bow":2,"minecraft:iron_boots":2,"minecraft:chest":43,"minecraft:acacia_fence":15,"minecraft:chiseled_stone_bricks":44,"minecraft:blue_concrete_powder":8,"minecraft:bricks":165,"minecraft:stone_hoe":2,"minecraft:stone_bricks":352,"minecraft:oak_fence":129,"minecraft:oak_slab":12,"minecraft:wooden_shovel":14,"minecraft:emerald":10,"minecraft:arrow":24,"minecraft:cooked_porkchop":5,"minecraft:crafting_table":7,"minecraft:iron_helmet":1,"minecraft:wooden_pickaxe":5,"minecraft:baked_potato":20,"minecraft:copper_ingot":64,"minecraft:gold_block":2,"minecraft:birch_planks":80,"minecraft:campfire":2,"minecraft:tnt":3,"minecraft:iron_chestplate":1,"minecraft:book":25,"minecraft:wooden_hoe":1,"minecraft:paper":111,"minecraft:diamond_pickaxe":2,"minecraft:charcoal":40,"minecraft:yellow_dye":51,"minecraft:shield":1,"minecraft:stick":1143,"minecraft:iron_ingot":319,"minecraft:iron_pickaxe":8,"minecraft:iron_block":16,"minecraft:stone_sword":4,"minecraft:gold_ingot":23,"minecraft:acacia_door":6,"minecraft:light_gray_dye":8,"minecraft:composter":1,"minecraft:wooden_sword":1,"minecraft:cobbled_deepslate_slab":12,"minecraft:stone_shovel":13,"minecraft:brick_stairs":2,"minecraft:furnace":2,"minecraft:yellow_bed":1,"minecraft:bone_meal":156,"minecraft:flint_and_steel":1,"minecraft:iron_axe":6,"minecraft:ladder":93,"minecraft:stone_pickaxe":51,"minecraft:cooked_beef":44,"minecraft:red_dye":9,"minecraft:bone_block":9,"minecraft:diamond_sword":2,"minecraft:iron_sword":3,"minecraft:blue_bed":1,"minecraft:cooked_salmon":7,"minecraft:bucket":4,"minecraft:stone_axe":3,"minecraft:enchanted_book":1,"minecraft:bread":188,"minecraft:blue_dye":5,"minecraft:oak_fence_gate":5,"minecraft:wooden_axe":5,"minecraft:iron_shovel":2,"minecraft:iron_leggings":2,"minecraft:anvil":1,"minecraft:stonecutter":1,"minecraft:white_bed":1,"minecraft:acacia_planks":2448,"minecraft:torch":936,"minecraft:diamond_chestplate":1}},"DataVersion":3955}