{"stats":{"minecraft:crafted":{"minecraft:oak_planks":1008,"minecraft:birch_wood":18,"minecraft:cooked_chicken":1,"minecraft:stone":1,"minecraft:cooked_mutton":6,"minecraft:glass":159,"minecraft:diamond_leggings":1,"minecraft:iron_boots":2,"minecraft:chest":6,"minecraft:birch_door":6,"minecraft:oak_fence":81,"minecraft:golden_boots":1,"minecraft:cooked_porkchop":2,"minecraft:crafting_table":5,"minecraft:iron_helmet":2,"minecraft:baked_potato":20,"minecraft:wooden_pickaxe":7,"minecraft:copper_ingot":1,"minecraft:fletching_table":1,"minecraft:oak_wood":15,"minecraft:birch_planks":418,"minecraft:campfire":1,"minecraft:golden_leggings":1,"minecraft:iron_chestplate":3,"minecraft:diamond_pickaxe":3,"minecraft:charcoal":66,"minecraft:shield":2,"minecraft:birch_fence":68,"minecraft:stick":500,"minecraft:iron_ingot":119,"minecraft:iron_pickaxe":6,"minecraft:stone_sword":4,"minecraft:gold_ingot":36,"minecraft:oak_door":6,"minecraft:stone_shovel":2,"minecraft:golden_chestplate":1,"minecraft:furnace":6,"minecraft:ladder":41,"minecraft:iron_hoe":1,"minecraft:stone_pickaxe":47,"minecraft:cobbled_deepslate_stairs":72,"minecraft:golden_helmet":1,"minecraft:cooked_beef":2,"minecraft:diamond_sword":1,"minecraft:iron_sword":2,"minecraft:cooked_salmon":1,"minecraft:bucket":3,"minecraft:stone_axe":15,"minecraft:bread":97,"minecraft:blue_dye":1,"minecraft:oak_fence_gate":6,"minecraft:wooden_axe":5,"minecraft:oak_stairs":144,"minecraft:iron_leggings":2,"minecraft:acacia_planks":36,"minecraft:torch":326,"minecraft:diamond_chestplate":1},"minecraft:broken":{"minecraft:stone_pickaxe":30,"minecraft:stone_axe":9,"minecraft:wooden_axe":4,"minecraft:stone_shovel":1,"minecraft:wooden_pickaxe":5,"minecraft:iron_pickaxe":1},"minecraft:custom":{"minecraft:interact_with_crafting_table":157,"minecraft:open_barrel":29,"minecraft:bell_ring":10,"minecraft:leave_game":17,"minecraft:time_since_death":1165,"minecraft:sprint_one_cm":1569768,"minecraft:damage_blocked_by_shield":430,"minecraft:drop":288,"minecraft:talked_to_villager":1,"minecraft:play_time":1615377,"minecraft:deaths":39,"minecraft:jump":10348,"minecraft:walk_on_water_one_cm":180343,"minecraft:interact_with_furnace":99,"minecraft:interact_with_cartography_table":1,"minecraft:sleep_in_bed":36,"minecraft:damage_dealt":5577,"minecraft:player_kills":3,"minecraft:crouch_one_cm":8246,"minecraft:horse_one_cm":7279,"minecraft:interact_with_smithing_table":1,"minecraft:mob_kills":33,"minecraft:climb_one_cm":137940,"minecraft:walk_one_cm":4840926,"minecraft:sneak_time":8662,"minecraft:walk_under_water_one_cm":64699,"minecraft:boat_one_cm":78800,"minecraft:total_world_time":1615377,"minecraft:interact_with_stonecutter":1,"minecraft:time_since_rest":1238,"minecraft:damage_taken":13617,"minecraft:swim_one_cm":774,"minecraft:fly_one_cm":368278,"minecraft:open_chest":102,"minecraft:fall_one_cm":169917},"minecraft:picked_up":{"minecraft:wooden_axe":8,"minecraft:birch_door":11,"minecraft:iron_chestplate":7,"minecraft:wheat":662,"minecraft:yellow_wool":1,"minecraft:lead":53,"minecraft:diamond_sword":3,"minecraft:brown_bed":4,"minecraft:oak_stairs":172,"minecraft:brewing_stand":1,"minecraft:amethyst_block":4,"minecraft:string":23,"minecraft:raw_copper":227,"minecraft:cooked_salmon":1,"minecraft:iron_leggings":3,"minecraft:beetroot":6,"minecraft:diamond_leggings":4,"minecraft:cobbled_deepslate":1116,"minecraft:bucket":7,"minecraft:cobblestone_slab":24,"minecraft:iron_pickaxe":10,"minecraft:iron_boots":12,"minecraft:blue_wool":1,"minecraft:diamond_ore":25,"minecraft:golden_helmet":2,"minecraft:stick":546,"minecraft:oak_fence":46,"minecraft:torch":371,"minecraft:acacia_log":10,"minecraft:porkchop":20,"minecraft:pointed_dripstone":10,"minecraft:diorite":302,"minecraft:golden_chestplate":2,"minecraft:stone_sword":30,"minecraft:rotten_flesh":68,"minecraft:armadillo_scute":2,"minecraft:cobblestone":3941,"minecraft:birch_log":207,"minecraft:magma_block":2,"minecraft:feather":26,"minecraft:cooked_beef":36,"minecraft:birch_slab":10,"minecraft:water_bucket":3,"minecraft:andesite":235,"minecraft:golden_leggings":2,"minecraft:potato":22,"minecraft:flint":19,"minecraft:tuff":123,"minecraft:lapis_lazuli":499,"minecraft:stripped_birch_log":5,"minecraft:dirt":1594,"minecraft:glass":27,"minecraft:bone":18,"minecraft:acacia_planks":83,"minecraft:wheat_seeds":2408,"minecraft:raw_gold":38,"minecraft:diamond_helmet":1,"minecraft:bamboo":40,"minecraft:stone_hoe":1,"minecraft:oak_planks":436,"minecraft:cooked_porkchop":2,"minecraft:jungle_planks":2,"minecraft:sand":306,"minecraft:orange_wool":1,"minecraft:diamond":57,"minecraft:waxed_oxidized_copper_grate":4,"minecraft:granite":62,"minecraft:bone_meal":10,"minecraft:bread":250,"minecraft:oak_sapling":186,"minecraft:diamond_pickaxe":3,"minecraft:charcoal":28,"minecraft:crafting_table":6,"minecraft:azure_bluet":4,"minecraft:ominous_bottle":1,"minecraft:chicken":2,"minecraft:ladder":59,"minecraft:wooden_pickaxe":7,"minecraft:shield":8,"minecraft:wind_charge":3,"minecraft:iron_axe":1,"minecraft:birch_fence":9,"minecraft:cartography_table":1,"minecraft:beef":2,"minecraft:light_gray_wool":6,"minecraft:sugar_cane":10,"minecraft:chest":10,"minecraft:birch_sapling":36,"minecraft:egg":7,"minecraft:raw_iron":224,"minecraft:stone":3,"minecraft:oak_door":4,"minecraft:copper_ingot":2,"minecraft:carrot":81,"minecraft:redstone":170,"minecraft:stone_pressure_plate":1,"minecraft:tnt":1,"minecraft:arrow":28,"minecraft:stone_shovel":6,"minecraft:diamond_chestplate":4,"minecraft:beetroot_seeds":30,"minecraft:peony":11,"minecraft:diamond_boots":1,"minecraft:waxed_oxidized_cut_copper_stairs":1,"minecraft:tuff_bricks":3,"minecraft:mutton":6,"minecraft:rail":250,"minecraft:white_wool":2,"minecraft:stripped_oak_log":15,"minecraft:lime_bed":3,"minecraft:glow_ink_sac":2,"minecraft:leather":59,"minecraft:birch_planks":854,"minecraft:waxed_copper_bulb":2,"minecraft:oak_log":703,"minecraft:waxed_copper_block":2,"minecraft:golden_boots":2,"minecraft:cobbled_deepslate_stairs":80,"minecraft:gunpowder":4,"minecraft:blue_bed":1,"minecraft:white_banner":3,"minecraft:cooked_mutton":6,"minecraft:apple":18,"minecraft:oak_fence_gate":7,"minecraft:iron_ingot":2,"minecraft:stone_pickaxe":55,"minecraft:iron_sword":6,"minecraft:acacia_sapling":1,"minecraft:oak_slab":6,"minecraft:dandelion":2,"minecraft:dripstone_block":26,"minecraft:lava_bucket":1,"minecraft:gravel":89,"minecraft:amethyst_shard":48,"minecraft:white_bed":2,"minecraft:spider_eye":10,"minecraft:camel_spawn_egg":1,"minecraft:diamond_shovel":2,"minecraft:campfire":1,"minecraft:stone_axe":39,"minecraft:iron_helmet":6,"minecraft:baked_potato":12,"minecraft:black_wool":5,"minecraft:chiseled_tuff_bricks":2,"minecraft:coal":808,"minecraft:ender_pearl":1},"minecraft:killed_by":{"minecraft:creeper":3,"minecraft:pillager":1,"minecraft:cave_spider":1,"minecraft:zombie":2,"minecraft:player":6,"minecraft:spider":1,"minecraft:trader_llama":1,"minecraft:skeleton":11},"minecraft:mined":{"minecraft:white_bed":2,"minecraft:farmland":1,"minecraft:cobbled_deepslate_stairs":14,"minecraft:sculk_vein":1,"minecraft:brewing_stand":1,"minecraft:granite":47,"minecraft:budding_amethyst":1,"minecraft:acacia_log":10,"minecraft:grass_block":339,"minecraft:chiseled_tuff_bricks":2,"minecraft:tuff_bricks":3,"minecraft:magma_block":1,"minecraft:iron_ore":121,"minecraft:cobbled_deepslate":47,"minecraft:deepslate_lapis_ore":8,"minecraft:brown_bed":3,"minecraft:pointed_dripstone":3,"minecraft:oak_stairs":91,"minecraft:tripwire":1,"minecraft:deepslate_redstone_ore":37,"minecraft:amethyst_cluster":5,"minecraft:torch":24,"minecraft:chest":2,"minecraft:glass":8,"minecraft:cobblestone":135,"minecraft:sugar_cane":3,"minecraft:oak_planks":244,"minecraft:wall_torch":12,"minecraft:amethyst_block":1,"minecraft:waxed_copper_bulb":1,"minecraft:birch_log":145,"minecraft:wheat":324,"minecraft:waxed_oxidized_cut_copper_stairs":1,"minecraft:waxed_copper_block":1,"minecraft:birch_door":4,"minecraft:tnt":1,"minecraft:oak_log":573,"minecraft:beetroots":6,"minecraft:oak_fence_gate":5,"minecraft:sand":183,"minecraft:dirt":408,"minecraft:oak_leaves":751,"minecraft:deepslate":795,"minecraft:diamond_ore":24,"minecraft:tuff":56,"minecraft:deepslate_diamond_ore":29,"minecraft:oak_door":2,"minecraft:stripped_birch_log":3,"minecraft:glow_lichen":4,"minecraft:ladder":5,"minecraft:jungle_planks":1,"minecraft:cartography_table":1,"minecraft:carrots":9,"minecraft:andesite":160,"minecraft:peony":5,"minecraft:potatoes":3,"minecraft:deepslate_iron_ore":37,"minecraft:rail":50,"minecraft:stripped_oak_log":14,"minecraft:bamboo":6,"minecraft:stone":2429,"minecraft:oak_slab":1,"minecraft:acacia_leaves":3,"minecraft:dandelion":3,"minecraft:oak_fence":17,"minecraft:crafting_table":3,"minecraft:short_grass":47,"minecraft:campfire":1,"minecraft:tall_grass":2,"minecraft:copper_ore":48,"minecraft:lapis_ore":25,"minecraft:deepslate_gold_ore":36,"minecraft:diorite":226,"minecraft:blue_bed":1,"minecraft:birch_planks":147,"minecraft:lime_bed":3,"minecraft:waxed_oxidized_copper_grate":2,"minecraft:birch_leaves":236,"minecraft:coal_ore":259,"minecraft:gravel":68,"minecraft:dripstone_block":5,"minecraft:acacia_planks":22,"minecraft:birch_fence":5},"minecraft:killed":{"minecraft:cave_spider":1,"minecraft:spider":2,"minecraft:skeleton":7,"minecraft:chicken":1,"minecraft:pig":3,"minecraft:creeper":1,"minecraft:sheep":4,"minecraft:pillager":1,"minecraft:zombie":6,"minecraft:cow":1,"minecraft:wandering_trader":1},"minecraft:dropped":{"minecraft:iron_sword":1,"minecraft:birch_planks":251,"minecraft:glow_ink_sac":1,"minecraft:crafting_table":1,"minecraft:camel_spawn_egg":1,"minecraft:birch_slab":10,"minecraft:dirt":149,"minecraft:birch_fence":3,"minecraft:bone_meal":5,"minecraft:iron_pickaxe":1,"minecraft:birch_log":1,"minecraft:bone":4,"minecraft:gravel":31,"minecraft:stone_axe":5,"minecraft:sugar_cane":2,"minecraft:cobbled_deepslate":262,"minecraft:blue_wool":1,"minecraft:wheat":71,"minecraft:birch_sapling":1,"minecraft:pointed_dripstone":8,"minecraft:lime_wool":2,"minecraft:rotten_flesh":11,"minecraft:oak_planks":7,"minecraft:cooked_mutton":2,"minecraft:azure_bluet":1,"minecraft:birch_door":1,"minecraft:chest":4,"minecraft:ladder":1,"minecraft:arrow":13,"minecraft:glass":1,"minecraft:egg":1,"minecraft:stone_hoe":1,"minecraft:bread":8,"minecraft:oak_slab":1,"minecraft:wheat_seeds":262,"minecraft:diamond_leggings":1,"minecraft:oak_fence":10,"minecraft:feather":2,"minecraft:cobblestone":599,"minecraft:lead":6,"minecraft:granite":15,"minecraft:copper_ingot":1,"minecraft:stick":40,"minecraft:diorite":44,"minecraft:torch":44,"minecraft:diamond_helmet":1,"minecraft:stripped_birch_log":1,"minecraft:oak_stairs":12,"minecraft:string":7,"minecraft:acacia_planks":5,"minecraft:stone_sword":4,"minecraft:tuff":77,"minecraft:raw_iron":2,"minecraft:stone_shovel":1,"minecraft:light_gray_wool":3,"minecraft:diamond_ore":25,"minecraft:cobblestone_slab":6,"minecraft:diamond_chestplate":1,"minecraft:andesite":35,"minecraft:oak_sapling":1,"minecraft:stone_pressure_plate":1,"minecraft:spider_eye":2,"minecraft:diamond_boots":1,"minecraft:stone_pickaxe":14,"minecraft:wooden_pickaxe":1,"minecraft:magma_block":1,"minecraft:black_wool":3},"minecraft:used":{"minecraft:beetroot":5,"minecraft:ladder":41,"minecraft:chest":8,"minecraft:shield":10,"minecraft:stone":1,"minecraft:iron_sword":57,"minecraft:rotten_flesh":1,"minecraft:carrot":25,"minecraft:acacia_sapling":1,"minecraft:tuff":9,"minecraft:glass":163,"minecraft:lava_bucket":4,"minecraft:birch_sapling":10,"minecraft:ominous_bottle":1,"minecraft:oak_sapling":42,"minecraft:furnace":6,"minecraft:beetroot_seeds":4,"minecraft:egg":1,"minecraft:potato":2,"minecraft:diorite":155,"minecraft:stone_pickaxe":4429,"minecraft:oak_planks":556,"minecraft:ender_pearl":1,"minecraft:wooden_pickaxe":413,"minecraft:sand":5,"minecraft:light_blue_wool":6,"minecraft:dripstone_block":3,"minecraft:cobbled_deepslate_stairs":57,"minecraft:birch_fence":33,"minecraft:bread":59,"minecraft:diamond_ore":25,"minecraft:gravel":33,"minecraft:diamond_sword":8,"minecraft:fire_charge":8,"minecraft:andesite":94,"minecraft:birch_log":10,"minecraft:oak_fence":87,"minecraft:stone_sword":169,"minecraft:acacia_log":1,"minecraft:stone_shovel":131,"minecraft:oak_door":5,"minecraft:torch":358,"minecraft:brewing_stand":1,"minecraft:dirt":522,"minecraft:granite":5,"minecraft:oak_fence_gate":11,"minecraft:birch_door":13,"minecraft:wooden_axe":248,"minecraft:oak_stairs":167,"minecraft:bamboo":38,"minecraft:light_gray_wool":1,"minecraft:cobbled_deepslate":330,"minecraft:stone_pressure_plate":2,"minecraft:acacia_planks":44,"minecraft:pointed_dripstone":1,"minecraft:brown_bed":4,"minecraft:cooked_mutton":2,"minecraft:wheat_seeds":370,"minecraft:water_bucket":13,"minecraft:birch_planks":277,"minecraft:lead":3,"minecraft:baked_potato":4,"minecraft:lime_wool":249,"minecraft:cartography_table":1,"minecraft:fletching_table":1,"minecraft:lime_bed":3,"minecraft:tnt":17,"minecraft:crafting_table":8,"minecraft:spider_eye":1,"minecraft:campfire":1,"minecraft:oak_log":121,"minecraft:black_wool":487,"minecraft:apple":12,"minecraft:iron_pickaxe":380,"minecraft:stone_axe":1471,"minecraft:cobblestone":1706,"minecraft:white_banner":2,"minecraft:cooked_porkchop":2,"minecraft:bucket":18,"minecraft:stripped_oak_log":1}},"DataVersion":3955}