{"stats":{"minecraft:dropped":{"minecraft:stone_hoe":1,"minecraft:bread":14,"minecraft:iron_sword":4,"minecraft:porkchop":2,"minecraft:birch_planks":21,"minecraft:wheat_seeds":16,"minecraft:oak_log":36,"minecraft:baked_potato":6,"minecraft:crafting_table":1,"minecraft:diamond_leggings":1,"minecraft:iron_helmet":2,"minecraft:cobblestone":253,"minecraft:lead":1,"minecraft:leather":10,"minecraft:stick":5,"minecraft:dirt":44,"minecraft:torch":24,"minecraft:melon_slice":7,"minecraft:iron_leggings":1,"minecraft:armadillo_scute":1,"minecraft:bone_meal":9,"minecraft:sand":118,"minecraft:iron_pickaxe":2,"minecraft:white_wool":2,"minecraft:bucket":3,"minecraft:acacia_planks":7,"minecraft:bricks":21,"minecraft:stone_axe":4,"minecraft:stone_sword":9,"minecraft:wheat":11,"minecraft:stone_shovel":2,"minecraft:iron_boots":2,"minecraft:diamond_shovel":1,"minecraft:cobbled_deepslate_slab":11,"minecraft:oak_sign":2,"minecraft:carrot":8,"minecraft:diamond_sword":4,"minecraft:potato":1,"minecraft:hay_block":7,"minecraft:stone":2,"minecraft:shield":4,"minecraft:diamond_chestplate":1,"minecraft:diamond_pickaxe":1,"minecraft:ladder":15,"minecraft:stone_bricks":2,"minecraft:stone_pickaxe":13,"minecraft:egg":1},"minecraft:picked_up":{"minecraft:crafting_table":1,"minecraft:wheat":219,"minecraft:ominous_bottle":3,"minecraft:chicken":4,"minecraft:ladder":34,"minecraft:lead":7,"minecraft:diamond_sword":8,"minecraft:shield":17,"minecraft:string":3,"minecraft:raw_copper":24,"minecraft:iron_leggings":5,"minecraft:white_carpet":6,"minecraft:iron_shovel":4,"minecraft:oak_sign":2,"minecraft:beetroot":51,"minecraft:diamond_leggings":1,"minecraft:bucket":6,"minecraft:beef":13,"minecraft:iron_pickaxe":6,"minecraft:melon_slice":23,"minecraft:iron_boots":2,"minecraft:egg":5,"minecraft:blue_wool":3,"minecraft:stick":47,"minecraft:oak_fence":1,"minecraft:torch":221,"minecraft:acacia_log":6,"minecraft:porkchop":11,"minecraft:carrot":129,"minecraft:rotten_flesh":29,"minecraft:stone_sword":21,"minecraft:arrow":16,"minecraft:stone_shovel":6,"minecraft:diamond_chestplate":1,"minecraft:beetroot_seeds":18,"minecraft:hay_block":14,"minecraft:armadillo_scute":3,"minecraft:mutton":20,"minecraft:white_wool":9,"minecraft:cobblestone":931,"minecraft:feather":6,"minecraft:leather":36,"minecraft:potato":220,"minecraft:birch_planks":40,"minecraft:flint":2,"minecraft:oak_log":39,"minecraft:acacia_boat":1,"minecraft:dirt":1106,"minecraft:white_banner":4,"minecraft:cooked_mutton":2,"minecraft:bone":6,"minecraft:acacia_planks":91,"minecraft:stone_bricks":6,"minecraft:bow":3,"minecraft:wheat_seeds":654,"minecraft:cobbled_deepslate_slab":11,"minecraft:stone_pickaxe":53,"minecraft:acacia_sapling":1,"minecraft:stone_hoe":2,"minecraft:iron_sword":8,"minecraft:oak_slab":12,"minecraft:chiseled_stone_bricks":2,"minecraft:gravel":7,"minecraft:sand":199,"minecraft:spider_eye":13,"minecraft:diamond_shovel":4,"minecraft:diamond":3,"minecraft:stone_axe":6,"minecraft:iron_helmet":5,"minecraft:bone_meal":39,"minecraft:gray_wool":1,"minecraft:bread":127,"minecraft:baked_potato":26,"minecraft:black_wool":2,"minecraft:bricks":41,"minecraft:hopper":1,"minecraft:diamond_pickaxe":1},"minecraft:mined":{"minecraft:ladder":14,"minecraft:acacia_log":8,"minecraft:grass_block":25,"minecraft:hopper":1,"minecraft:hay_block":7,"minecraft:carrots":16,"minecraft:potatoes":67,"minecraft:dirt_path":1,"minecraft:stone":76,"minecraft:white_wool":1,"minecraft:oak_fence":1,"minecraft:torch":2,"minecraft:short_grass":178,"minecraft:tall_grass":23,"minecraft:cobblestone":362,"minecraft:wall_torch":3,"minecraft:birch_planks":8,"minecraft:wheat":237,"minecraft:light_gray_wool":1,"minecraft:black_wool":2,"minecraft:oak_log":3,"minecraft:beetroots":7,"minecraft:gravel":6,"minecraft:sand":60,"minecraft:dirt":133,"minecraft:acacia_planks":6,"minecraft:stone_bricks":4,"minecraft:oak_leaves":2},"minecraft:killed_by":{"minecraft:player":17,"minecraft:zombified_piglin":1,"minecraft:spider":1,"minecraft:pillager":5,"minecraft:enderman":1,"minecraft:skeleton":3,"minecraft:zombie":1},"minecraft:broken":{"minecraft:stone_pickaxe":1,"minecraft:iron_pickaxe":1},"minecraft:killed":{"minecraft:armadillo":1,"minecraft:horse":1,"minecraft:skeleton":1,"minecraft:chicken":1,"minecraft:axolotl":1,"minecraft:pig":4,"minecraft:sheep":6,"minecraft:pillager":4,"minecraft:zombie":2,"minecraft:cow":3},"minecraft:custom":{"minecraft:mob_kills":28,"minecraft:inspect_hopper":5,"minecraft:interact_with_crafting_table":20,"minecraft:open_barrel":1,"minecraft:leave_game":27,"minecraft:time_since_death":2700,"minecraft:climb_one_cm":72563,"minecraft:sprint_one_cm":619623,"minecraft:walk_one_cm":952860,"minecraft:damage_blocked_by_shield":323,"minecraft:drop":248,"minecraft:play_time":297547,"minecraft:sneak_time":6160,"minecraft:deaths":39,"minecraft:walk_under_water_one_cm":11838,"minecraft:boat_one_cm":56181,"minecraft:jump":5081,"minecraft:walk_on_water_one_cm":44831,"minecraft:total_world_time":297547,"minecraft:interact_with_furnace":45,"minecraft:interact_with_stonecutter":1,"minecraft:sleep_in_bed":4,"minecraft:time_since_rest":2736,"minecraft:damage_taken":11628,"minecraft:damage_dealt":6103,"minecraft:swim_one_cm":10391,"minecraft:fly_one_cm":619979,"minecraft:player_kills":4,"minecraft:open_chest":35,"minecraft:crouch_one_cm":6882,"minecraft:fall_one_cm":124499},"minecraft:crafted":{"minecraft:oak_planks":12,"minecraft:stone":83,"minecraft:bone_meal":6,"minecraft:diamond_shovel":1,"minecraft:white_carpet":3,"minecraft:stone_bricks":76,"minecraft:diamond_sword":1,"minecraft:crafting_table":1,"minecraft:hay_block":7,"minecraft:white_wool":1,"minecraft:white_dye":1,"minecraft:stick":8,"minecraft:stone_sword":4,"minecraft:acacia_planks":8},"minecraft:used":{"minecraft:oak_fence":1,"minecraft:iron_shovel":44,"minecraft:stone_sword":43,"minecraft:acacia_log":4,"minecraft:shield":23,"minecraft:stone":5,"minecraft:iron_sword":108,"minecraft:rotten_flesh":1,"minecraft:dirt":77,"minecraft:mutton":3,"minecraft:hopper":1,"minecraft:carrot":13,"minecraft:lava_bucket":8,"minecraft:stone_bricks":78,"minecraft:bow":5,"minecraft:beef":5,"minecraft:hay_block":7,"minecraft:beetroot_seeds":12,"minecraft:egg":1,"minecraft:potato":62,"minecraft:acacia_planks":35,"minecraft:wheat_seeds":145,"minecraft:acacia_boat":1,"minecraft:water_bucket":3,"minecraft:birch_planks":5,"minecraft:stone_pickaxe":329,"minecraft:baked_potato":3,"minecraft:white_wool":1,"minecraft:crafting_table":1,"minecraft:diamond_shovel":238,"minecraft:black_wool":1,"minecraft:apple":1,"minecraft:bread":6,"minecraft:melon_slice":4,"minecraft:iron_pickaxe":249,"minecraft:gravel":4,"minecraft:chiseled_stone_bricks":2,"minecraft:diamond_sword":164,"minecraft:cobblestone":15,"minecraft:porkchop":6,"minecraft:bucket":13}},"DataVersion":3955}